Abe Asuka,48
Akashi Satoshi,36
Akatsu Yuu,42
Akiho Kouki,19
Akutsu Takeshi,91
Amano Hiroto,64
Andou Takafumi,72
Aogaki Toshihide,72
Aoki Takashi,37
Araki Kaori,44
Chikage Kumi,86
Cyuubachi Tomonori,6
Danno Ryuusuke,29
Ebana Yuuji,43
Eguchi Yasuharu,44
Endou Chisato,8
Endou Kenjyu,66
Endou Naoto,86
Endou Takako,13
Fujii Yuuichi,15
Fujita Keita,43
Fujita Kyouko,42
Fujita Tomohiro,83
Fujita Yuuta,95
Fujitsu Masahiro,27
Hamada Ryousuke,26
Hamada Syun,19
Hanata Masashi,53
Haneda Hitoshi,79
Harada Syoutarou,34
Harada Terumasa,46
Hasegawa Hiroyuki,43
Hashimoto Kayo,85
Hashimoto Yutaka,20
Hasobe Akiyoshi,92
Hattori Daisuke,67
Henmi Kazunori,17
Higashida Takashi,66
Higashine Yuuko,12
Horiki Hiroyuki,41
Hoshi Akira,56
Hosoi Hiroki,64
Inagaki Tadashi,35
Inage Koushirou,72
Inaguma Yuri,18
Inooka Masanori,76
Inoue Hiroshi,90
Inukai Nobuhiko,83
Ishida Kazumi,65
Ishihara Masahiro,97
Ishimoto Yu,1
Itou Nobuhiro,93
Itou Shinya,99
Iwata Miho,85
Iwazaki Yoshie,4
Kahara Yuusuke,79
Kaida Yuuki,62
Kajitani Sakae,15
Kamiguchi Hironao,95
Kamihira Takayuki,71
Kamoshita Kenji,67
Kanazawa Miki,11
Kanno Noriko,34
Kanno Yuuki,4
Kashimura Takashi,20
Katayama Tomoyasu,70
Katori Yutaka,47
Katou Naoya,18
Katou Takeru,1
Katou Yoshiki,4
Katsumata Takanori,5
Kawaguchi Akira,79
Kawai Hiroaki,74
Kawai Takuya,52
Kawakami Kazuya,78
Kawamura Youhei,71
Kawano Jyun,54
Kawano Naoko,44
Kimura Osamu,15
Kinuwaki Syunichi,98
Kitami Atsushi,97
Kobayashi Hajime,78
Kobayashi Kenta,11
Kobayashi Mamoru,77
Komatsu Shinji,66
Kon Takuya,32
Kondou Tatsuya,35
Konishi Daisuke,58
Koshiyama Makoto,58
Kotani Haruna,27
Koumura Menyuu,37
Kumagai Ryouei,7
Kumata Suguru,11
Kunieda Yuusuke,39
Kunisawa Syuu,30
Kurita Tetsuya,90
Kuroda Masahiro,42
Kuroiwa Hiroshi,80
Kusanagi Ken,46
Kushida Kiyotaka,67
Maruta Kazuya,59
Maruyama Masayuki,85
Masuko Yuusuke,65
Matsuguma Atsushi,5
Matsumoto Syougo,64
Matsumoto Yoshirou,28
Matsumura Naohiro,30
Matsuo Makoto,71
Matsuoka Takayoshi,31
Matsuura Akira,99
Matsuzaki Hiromichi,70
Mayuzumi Masaaki,54
Midorikawa Toshikatsu,78
Minabe Noriko,87
Minato Tooru,77
Misoo Akira,21,50
Misyou Asami,81
Monma Masayo,91
Monoi Ichirou,26
Mori Youko,29
Moritani Tomoko,46
Mouri Yuu,43
Munakata Satoru,25
Murakoshi Takeshi,1
Muraoka Dai,67
Muromoto Mika,52
Nagai Yasuharu,8
Nagao Wataru,10
Nagayama Hideaki,98
Nakajima Takao,82
Nakamura Eisuke,4
Nakamura Makiko,20
Nakamura Syuuichirou,69
Nakase Masashi,6
Nanba Toshihide,6
Nihei Yousuke,80
Niitsuma Kazuyuki,84
Nishikawa Ryou,57
Nishino Masaru,77
Nishitani Eiji,42
Nitami Ayako,15
Nitta Midori,50
Noguchi Takahito,77
Nojima Yoshihiro,65
Nomoto Syuuji,43
Nozawa Hiroshi,71
Ogiwara Takayuki,87
Ogura Shingo,30
Oikawa Yoshio,59
Okidono Jyunichi,77
Omoto Yuki,82
Ono Takahiko,5
Ono Toshie,25
Onodera Takeru,21
Onose Ayumu,59
Oofusa Takayuki,10,50
Oohashi Atsushi,51
Oohashi Daichi,69
Ookoshi Atsushi,2
Oonishi Kazuya,10
Oose Kazuyo,27
Ooshima Shinichirou,68
Oota Kazuya,99
Oozeki Chihiro,37
Oozeki Hiroyuki,25
Rikiishi Takanori,13
Saimura Jyunichi,87
Saitou Katsutaka,99
Saitou Kazuhiro,39
Saitou Shinichi,87
Sakai Hiroshi,46
Sakuma Tatsuya,0,40
Sanpei Satoshi,92
Sasaki Hiroaki,48
Sasaki Yutaka,85
Satake Nao,82
Satou Jyun,69
Satou Mariko,29
Satou Ryou,50
Satou Syuuichi,46
Satou Tatsurou,81
Satou Tatsuya,71
Seijyou Nobue,48
Seino Natsuki,85
Sekiba Masato,67
Sekine Kenta,42
Sekine Koujirou,2,30
Shigihara YASUYUKI,40
Shinbo Miho,4
Souno Jyun,25,50
Sudou Masatsugu,45
Suenaga Shinya,5
Sugano Hiroyuki,74
Sugano Syouhei,24
Sugiyama Katsuyuki,6
Susa Satoshi,47
Suwa Tsukasa,70
Suzuki Dai,43
Suzuki Jyunko,99
Suzuki Jyunpei,52
Suzuki Kiichi,96
Suzuki Masahiko,38
Suzuki Satoshi,15,50
Suzuki Shin,49
Suzuki Yoshiteru,57
Suzuki Yuuki,34
Suzuki Yuusuke,33
Takahashi Yuusuke,93
Takakuwa Yuko,1
Takamoto Yuu,11
Takanashi Hiroshi,22
Takano Hiroyuki,64
Takano Tatsuya,58
Takeichi Satoshi,89
Takezawa Hayato,63
Tamura Ayumi,80
Tanaka Jyunichirou,48
Tanji Syuu,54
Tanno Hiroko,75
Tanno Yasue,70
Tashima Naoko,49
Tashiro Masakazu,64
Terunuma Tatsuji,49
Tobe Naoto,20
Tonoike Syunsuke,87
Tou Kazumi,22
Tsuduki Satoru,37
Tsuji Masato,84
Tsumura Yoshiaki,4
Uchida Kouhei,0,10
Ueda Kozue,62
Uehira Hajime,63
Umehara Daisuke,18
Wakamatsu Kaoru,87
Watabe Shinichi,34
Watabe Yuuki,19
Watanabe Akira,72
Watanabe Seiko,78
Watanabe Taichi,38
Watanabe Takehiro,25
Yaguchi Yuusuke,99
Yamada Hiroyuki,25
Yamada Noriaki,31
Yamagata Hiroko,74
Yamaki Mitsuhiro,58
Yamaki Naoki,52
Yamamoto Hiroyuki,40
Yamamoto Noriyoshi,56
Yamamoto Yoshiko,9
Yamauchi Yukio,92
Yamazaki Takenori,33
Yasuda Kazuya,55
Yokoi Satomi,17,50
Yoshida Daisuke,16,50
Yoshida Mami,98
Yoshida Tsuyoshi,17
Yoshikawa Yasutaka,2,30
Yoshimura Takashi,31
Yoshioka Yoshimasa,49
Yunoue Hiromi,90
